-- MySQL dump 10.13  Distrib 5.5.44, for debian-linux-gnu (x86_64)
--
-- Host: localhost    Database: tenbreaths
-- ------------------------------------------------------
-- Server version	5.5.44-0ubuntu0.14.04.1

/*!40101 SET @OLD_CHARACTER_SET_CLIENT=@@CHARACTER_SET_CLIENT */;
/*!40101 SET @OLD_CHARACTER_SET_RESULTS=@@CHARACTER_SET_RESULTS */;
/*!40101 SET @OLD_COLLATION_CONNECTION=@@COLLATION_CONNECTION */;
/*!40101 SET NAMES utf8 */;
/*!40103 SET @OLD_TIME_ZONE=@@TIME_ZONE */;
/*!40103 SET TIME_ZONE='+00:00' */;
/*!40014 SET @OLD_UNIQUE_CHECKS=@@UNIQUE_CHECKS, UNIQUE_CHECKS=0 */;
/*!40014 SET @OLD_FOREIGN_KEY_CHECKS=@@FOREIGN_KEY_CHECKS, FOREIGN_KEY_CHECKS=0 */;
/*!40101 SET @OLD_SQL_MODE=@@SQL_MODE, SQL_MODE='NO_AUTO_VALUE_ON_ZERO' */;
/*!40111 SET @OLD_SQL_NOTES=@@SQL_NOTES, SQL_NOTES=0 */;

--
-- Table structure for table `api_keys`
--

DROP TABLE IF EXISTS `api_keys`;
/*!40101 SET @saved_cs_client     = @@character_set_client */;
/*!40101 SET character_set_client = utf8 */;
CREATE TABLE `api_keys` (
  `id` int(16) unsigned NOT NULL AUTO_INCREMENT,
  `user_id` int(16) NOT NULL,
  `key` varchar(50) NOT NULL,
  `confirmed` int(1) NOT NULL DEFAULT '0',
  `created` timestamp NOT NULL DEFAULT '0000-00-00 00:00:00',
  `modified` timestamp NOT NULL DEFAULT CURRENT_TIMESTAMP ON UPDATE CURRENT_TIMESTAMP,
  PRIMARY KEY (`id`),
  UNIQUE KEY `key_unique` (`key`)
) ENGINE=InnoDB AUTO_INCREMENT=8 DEFAULT CHARSET=latin1;
/*!40101 SET character_set_client = @saved_cs_client */;

--
-- Dumping data for table `api_keys`
--

LOCK TABLES `api_keys` WRITE;
/*!40000 ALTER TABLE `api_keys` DISABLE KEYS */;
INSERT INTO `api_keys` VALUES (6,2,'3e126d45-ea7d-4ea0-9473-cbd60666a359',0,'2015-07-31 10:42:05','2015-07-31 10:42:05'),(7,1,'4fe751ce-4b44-409b-bae6-be11fc4a8572',0,'2015-07-31 13:37:59','2015-07-31 13:37:59');
/*!40000 ALTER TABLE `api_keys` ENABLE KEYS */;
UNLOCK TABLES;

--
-- Table structure for table `submissions`
--

DROP TABLE IF EXISTS `submissions`;
/*!40101 SET @saved_cs_client     = @@character_set_client */;
/*!40101 SET character_set_client = utf8 */;
CREATE TABLE `submissions` (
  `id` int(16) unsigned NOT NULL AUTO_INCREMENT,
  `survey_id` varchar(50) NOT NULL,
  `survey_json` text NOT NULL,
  `surveyor_json` text NOT NULL,
  `api_key_id` int(16) NOT NULL,
  `moderated` int(1) unsigned zerofill NOT NULL DEFAULT '0',
  `modified` timestamp NOT NULL DEFAULT CURRENT_TIMESTAMP ON UPDATE CURRENT_TIMESTAMP,
  `created` timestamp NOT NULL DEFAULT '0000-00-00 00:00:00',
  `ft_row_id` int(16) DEFAULT NULL,
  `ft_last_updated` timestamp NULL DEFAULT NULL,
  PRIMARY KEY (`id`),
  UNIQUE KEY `survey_ids_unique` (`survey_id`),
  KEY `api_key_id` (`api_key_id`)
) ENGINE=InnoDB AUTO_INCREMENT=144 DEFAULT CHARSET=latin1;
/*!40101 SET character_set_client = @saved_cs_client */;

--
-- Dumping data for table `submissions`
--

LOCK TABLES `submissions` WRITE;
/*!40000 ALTER TABLE `submissions` DISABLE KEYS */;
INSERT INTO `submissions` VALUES (32,'241a468a-9d5e-4ce1-bbb4-b4d0171fc29d','{\"id\":\"241a468a-9d5e-4ce1-bbb4-b4d0171fc29d\",\"ten_breaths_completed\":true,\"complete\":false,\"groundings\":[{\"started\":1438338986265,\"finished\":1438338990572}],\"geolocation\":{\"longitude\":-3.2051657,\"latitude\":55.966666,\"accuracy\":11.546999931335,\"altitude\":null,\"altitudeAccuracy\":null,\"heading\":null,\"timestamp\":1438338990980,\"manual\":\"\"},\"started\":1438338984793,\"completed\":1438338992758,\"timezoneOffset\":-60,\"textComments\":\"\"}','{\"real_name\":\"Roger\",\"email\":\"R.hyam@rbge.org.uk\",\"display_name\":\"Roger\",\"sex\":\"male\",\"age\":\"41-50\",\"about_me\":\"Developer\"}',0,0,'2015-07-31 10:35:29','2015-07-31 10:35:29',NULL,NULL),(34,'2bf27da1-0dce-4046-a2fb-8aea3bc6e740','{\"id\":\"2bf27da1-0dce-4046-a2fb-8aea3bc6e740\",\"ten_breaths_completed\":true,\"complete\":false,\"groundings\":[{\"started\":1438339382116,\"finished\":1438339385164}],\"geolocation\":{\"longitude\":-3.2052278,\"latitude\":55.9666949,\"accuracy\":121.89099884033,\"altitude\":null,\"altitudeAccuracy\":null,\"heading\":null,\"timestamp\":1438339381961,\"manual\":\"\"},\"started\":1438339380959,\"completed\":1438339387548,\"timezoneOffset\":-60,\"textComments\":\"\"}','{\"real_name\":\"Roger\",\"email\":\"R.hyam@rbge.org.uk\",\"display_name\":\"Roger\",\"sex\":\"male\",\"age\":\"41-50\",\"about_me\":\"Developer\"}',6,0,'2015-07-31 10:42:05','2015-07-31 10:42:05',NULL,NULL),(36,'9049e738-1af4-4056-8ad0-79e3d88e4068','{\"id\":\"9049e738-1af4-4056-8ad0-79e3d88e4068\",\"ten_breaths_completed\":true,\"complete\":false,\"groundings\":[{\"started\":1438340997498,\"finished\":1438341001339}],\"geolocation\":{\"longitude\":-3.2051598,\"latitude\":55.9666698,\"accuracy\":11.546999931335,\"altitude\":null,\"altitudeAccuracy\":null,\"heading\":null,\"timestamp\":1438340997017,\"manual\":\"\"},\"started\":1438340995692,\"completed\":1438341005536,\"timezoneOffset\":-60,\"textComments\":\"\"}','{\"real_name\":\"Roger\",\"email\":\"R.hyam@rbge.org.uk\",\"display_name\":\"Rogerb\",\"sex\":\"male\",\"age\":\"41-50\",\"about_me\":\"Developer\"}',6,0,'2015-07-31 11:09:39','2015-07-31 11:09:39',NULL,NULL),(44,'557fd18e-fceb-482b-864f-bd73055a7c9e','{\"id\":\"557fd18e-fceb-482b-864f-bd73055a7c9e\",\"ten_breaths_completed\":true,\"complete\":false,\"groundings\":[{\"started\":1438341949823,\"finished\":1438341952996}],\"geolocation\":{\"longitude\":-3.2052006,\"latitude\":55.9666728,\"accuracy\":87.932998657227,\"altitude\":null,\"altitudeAccuracy\":null,\"heading\":null,\"timestamp\":1438341954588,\"manual\":\"\"},\"started\":1438341948359,\"completed\":1438341955580,\"timezoneOffset\":-60,\"textComments\":\"\"}','{\"real_name\":\"Roger\",\"email\":\"R.hyam@rbge.org.uk\",\"display_name\":\"Rogerb\",\"sex\":\"male\",\"age\":\"41-50\",\"about_me\":\"Developer\"}',6,0,'2015-07-31 11:24:51','2015-07-31 11:24:51',NULL,NULL),(46,'451b7307-00de-43f8-9167-79931eb371f5','{\"id\":\"451b7307-00de-43f8-9167-79931eb371f5\",\"ten_breaths_completed\":true,\"complete\":false,\"groundings\":[{\"started\":1438342016666,\"finished\":1438342020068}],\"geolocation\":{\"longitude\":-3.2051685,\"latitude\":55.9666576,\"accuracy\":23.57200050354,\"altitude\":null,\"altitudeAccuracy\":null,\"heading\":null,\"timestamp\":1438342021695,\"manual\":\"\"},\"started\":1438342015496,\"completed\":1438342025198,\"timezoneOffset\":-60,\"textComments\":\"\"}','{\"email\":\"R.hyam@rbge.org.uk\",\"display_name\":\"Rogerhyams\",\"sex\":\"male\",\"age\":\"41-50\",\"about_me\":\"Developer\"}',6,0,'2015-07-31 11:29:18','2015-07-31 11:29:18',NULL,NULL),(48,'0fd78adf-3b99-4946-8dab-28b3be0c399c','{\"id\":\"0fd78adf-3b99-4946-8dab-28b3be0c399c\",\"ten_breaths_completed\":true,\"complete\":false,\"groundings\":[{\"started\":1438349355320,\"finished\":1438349359407}],\"geolocation\":{\"error\":{},\"manual\":\"Botanic Gardens\"},\"started\":1438349354461,\"completed\":1438349372681,\"timezoneOffset\":-60,\"textComments\":\"asdf sdf\"}','{\"email\":\"roger@hyam.net\",\"display_name\":\"Banana Mansd\",\"sex\":\"not-specified\",\"age\":\"-1\",\"about_me\":\"Some other information\"}',7,0,'2015-07-31 13:37:59','2015-07-31 13:37:59',NULL,NULL),(54,'eebd9ab4-b38a-4d9a-bd73-a18c4683c792','{\"id\":\"eebd9ab4-b38a-4d9a-bd73-a18c4683c792\",\"ten_breaths_completed\":true,\"complete\":false,\"groundings\":[{\"started\":1438350873442,\"finished\":1438350876502}],\"geolocation\":{\"display_string\":\"<strong>Position:</strong> 55.9667&deg; N 3.2052&deg; W (&plusmn; 71.44200134277344m)\",\"longitude\":-3.2052178,\"latitude\":55.9666734,\"accuracy\":71.442001342773,\"altitude\":null,\"altitudeAccuracy\":null,\"heading\":null,\"timestamp\":1438350876308,\"manual\":\"\"},\"started\":1438350870302,\"completed\":1438350879374,\"timezoneOffset\":-60,\"textComments\":\"\"}','{\"email\":\"R.hyam@rbge.org.uk\",\"display_name\":\"Rogerhyams\",\"sex\":\"male\",\"age\":\"41-50\",\"about_me\":\"Developer\"}',6,0,'2015-07-31 13:53:37','2015-07-31 13:53:37',NULL,NULL),(56,'452ec846-3d7d-4097-ae24-69497be6c517','{\"id\":\"452ec846-3d7d-4097-ae24-69497be6c517\",\"ten_breaths_completed\":true,\"complete\":false,\"groundings\":[{\"started\":1438355717442,\"finished\":1438355721099}],\"geolocation\":{\"display_string\":\"<strong>Position:</strong> 55.9666&deg; N 3.2068&deg; W (&plusmn; 3.9000000953674316m)\",\"longitude\":-3.206828,\"latitude\":55.9665523,\"accuracy\":3.9000000953674,\"altitude\":82,\"altitudeAccuracy\":null,\"heading\":null,\"timestamp\":1438355753498,\"manual\":\"\"},\"started\":1438355714617,\"completed\":1438355754669,\"timezoneOffset\":-60,\"textComments\":\"\"}','{\"email\":\"R.hyam@rbge.org.uk\",\"display_name\":\"Rogerhyams\",\"sex\":\"male\",\"age\":\"41-50\",\"about_me\":\"Developer\"}',6,0,'2015-07-31 15:14:51','2015-07-31 15:14:51',NULL,NULL),(58,'94e42c15-2fe3-4b70-826e-31d4075e2e89','{\"id\":\"94e42c15-2fe3-4b70-826e-31d4075e2e89\",\"ten_breaths_completed\":true,\"complete\":false,\"groundings\":[{\"started\":1438589781002,\"finished\":1438589785642}],\"geolocation\":{\"display_string\":\"<strong>Position:</strong> 55.9654&deg; N 3.1987&deg; W (&plusmn; 4m)\",\"longitude\":-3.1987124,\"latitude\":55.9654048,\"accuracy\":4,\"altitude\":65,\"altitudeAccuracy\":null,\"heading\":null,\"timestamp\":1438589818094,\"manual\":\"\"},\"started\":1438589775754,\"photo\":\"file:///storage/emulated/0/Pictures/IMG_20150803_091649.jpg\",\"completed\":1438589818306,\"timezoneOffset\":-60,\"textComments\":\"Yellow\"}','{\"email\":\"R.hyam@rbge.org.uk\",\"display_name\":\"Rogerhyams\",\"sex\":\"male\",\"age\":\"41-50\",\"about_me\":\"Developer\"}',6,0,'2015-08-03 08:25:16','2015-08-03 08:25:16',NULL,NULL),(60,'46c1173a-6b3e-4c20-b368-5dc05cce0e7b','{\"id\":\"46c1173a-6b3e-4c20-b368-5dc05cce0e7b\",\"ten_breaths_completed\":true,\"complete\":false,\"groundings\":[{\"started\":1438593324971,\"finished\":1438593378791}],\"geolocation\":{\"display_string\":\"<strong>Position:</strong> 55.9667&deg; N 3.2052&deg; W (&plusmn; 10m)\",\"longitude\":-3.2051898,\"latitude\":55.9666575,\"accuracy\":10,\"altitude\":null,\"altitudeAccuracy\":null,\"heading\":null,\"timestamp\":1438593384580,\"manual\":\"\"},\"started\":1438593323052,\"completed\":1438593389723,\"timezoneOffset\":-60,\"textComments\":\"Ten\"}','{\"email\":\"R.hyam@rbge.org.uk\",\"display_name\":\"Rogerhyams\",\"sex\":\"male\",\"age\":\"41-50\",\"about_me\":\"Developer\"}',6,0,'2015-08-03 09:15:20','2015-08-03 09:15:20',NULL,NULL),(62,'d28560cf-2a2f-4f12-97d6-6c151fbfec9f','{\"id\":\"d28560cf-2a2f-4f12-97d6-6c151fbfec9f\",\"ten_breaths_completed\":true,\"complete\":false,\"groundings\":[{\"started\":1438349381576,\"finished\":1438349383447,\"toofast\":true},{\"started\":1438349385150,\"finished\":1438349388888}],\"geolocation\":{\"display_string\":\"<strong>Position:</strong> 55.9647&deg; N 3.2100&deg; W (&plusmn; 150m)\",\"longitude\":-3.210008,\"latitude\":55.964747,\"accuracy\":150,\"altitude\":null,\"altitudeAccuracy\":null,\"heading\":null,\"timestamp\":1438349377119,\"manual\":\"\"},\"started\":1438349380732,\"completed\":1438349395872,\"timezoneOffset\":-60,\"textComments\":\"fsf\"}','{\"email\":\"roger@hyam.net\",\"display_name\":\"Banana Mansd\",\"sex\":\"not-specified\",\"age\":\"-1\",\"about_me\":\"Some other information\"}',7,0,'2015-08-03 13:45:44','2015-08-03 13:45:44',NULL,NULL),(64,'0ad3e335-2c24-4a93-8cc3-993ea41168bd','{\"id\":\"0ad3e335-2c24-4a93-8cc3-993ea41168bd\",\"ten_breaths_completed\":true,\"complete\":false,\"groundings\":[{\"started\":1438610411599,\"finished\":1438610416223}],\"geolocation\":{\"display_string\":\"<strong>Position:</strong> 55.9647&deg; N 3.2100&deg; W (&plusmn; 150m)\",\"longitude\":-3.210008,\"latitude\":55.964747,\"accuracy\":150,\"altitude\":null,\"altitudeAccuracy\":null,\"heading\":null,\"timestamp\":1438349377119,\"manual\":\"\"},\"started\":1438610411599,\"completed\":1438610420055,\"timezoneOffset\":-60,\"textComments\":\"\"}','{\"email\":\"roger@hyam.net\",\"display_name\":\"Banana Mansd\",\"sex\":\"not-specified\",\"age\":\"-1\",\"about_me\":\"Some other information\"}',7,0,'2015-08-03 14:06:39','2015-08-03 14:06:39',NULL,NULL),(70,'c5893500-bcb4-4909-82d7-902923ac4882','{\"id\":\"c5893500-bcb4-4909-82d7-902923ac4882\",\"ten_breaths_completed\":true,\"complete\":false,\"groundings\":[{\"started\":1438614659317,\"finished\":1438614663754}],\"geolocation\":{\"display_string\":\"<strong>Position:</strong> 55.9667&deg; N 3.2052&deg; W (&plusmn; 10m)\",\"longitude\":-3.2051828,\"latitude\":55.9666675,\"accuracy\":10,\"altitude\":null,\"altitudeAccuracy\":null,\"heading\":null,\"timestamp\":1438614663966,\"manual\":\"\"},\"started\":1438614659318,\"completed\":1438614668888,\"timezoneOffset\":-60,\"textComments\":\"\"}','{\"email\":\"R.hyam@rbge.org.uk\",\"display_name\":\"Rogerhyams\",\"sex\":\"male\",\"age\":\"41-50\",\"about_me\":\"Developer\"}',6,0,'2015-08-03 15:10:05','2015-08-03 15:10:05',NULL,NULL),(72,'856f713e-0685-42ab-a965-f2c664461bf7','{\"id\":\"856f713e-0685-42ab-a965-f2c664461bf7\",\"ten_breaths_completed\":true,\"complete\":false,\"groundings\":[{\"started\":1438593517614,\"cancelled\":1438593519139},{\"started\":1438593520686,\"finished\":1438593542639,\"toofast\":true},{\"started\":1438593545693,\"finished\":1438593591419}],\"geolocation\":{\"display_string\":\"<strong>Position:</strong> 55.9667&deg; N 3.2052&deg; W (&plusmn; 10m)\",\"longitude\":-3.205202,\"latitude\":55.9666728,\"accuracy\":10,\"altitude\":null,\"altitudeAccuracy\":null,\"heading\":null,\"timestamp\":1438593553638,\"manual\":\"\"},\"started\":1438593506094,\"completed\":1438593625536,\"timezoneOffset\":-60,\"textComments\":\"Djn\"}','{\"email\":\"R.hyam@rbge.org.uk\",\"display_name\":\"Rogerhyams\",\"sex\":\"male\",\"age\":\"41-50\",\"about_me\":\"Developer\"}',6,0,'2015-08-03 15:10:07','2015-08-03 15:10:07',NULL,NULL),(76,'b605dda2-5442-4a7f-8881-b1b65dbecec7','{\"id\":\"b605dda2-5442-4a7f-8881-b1b65dbecec7\",\"ten_breaths_completed\":true,\"complete\":false,\"groundings\":[{\"started\":1438619311097,\"finished\":1438619314002}],\"geolocation\":{\"display_string\":\"<strong>Position:</strong> 55.9667&deg; N 3.2052&deg; W (&plusmn; 41.060001373291016m)\",\"longitude\":-3.2052077,\"latitude\":55.9666702,\"accuracy\":41.060001373291,\"altitude\":null,\"altitudeAccuracy\":null,\"heading\":null,\"timestamp\":1438619311814,\"manual\":\"\"},\"started\":1438619311097,\"completed\":1438619316501,\"timezoneOffset\":-60,\"textComments\":\"\"}','{\"email\":\"R.hyam@rbge.org.uk\",\"display_name\":\"Rogerhyams\",\"sex\":\"male\",\"age\":\"41-50\",\"about_me\":\"Developer\"}',6,0,'2015-08-03 16:27:44','2015-08-03 16:27:44',NULL,NULL),(78,'d72ca43d-e68a-4a6f-b227-fd4c6c45f218','{\"id\":\"d72ca43d-e68a-4a6f-b227-fd4c6c45f218\",\"ten_breaths_completed\":true,\"complete\":false,\"groundings\":[{\"started\":1438619323860,\"finished\":1438619326860}],\"geolocation\":{\"display_string\":\"<strong>Position:</strong> 55.9667&deg; N 3.2052&deg; W (&plusmn; 23.757999420166016m)\",\"longitude\":-3.2052061,\"latitude\":55.9666705,\"accuracy\":23.757999420166,\"altitude\":null,\"altitudeAccuracy\":null,\"heading\":null,\"timestamp\":1438619325040,\"manual\":\"\"},\"started\":1438619323860,\"completed\":1438619328575,\"timezoneOffset\":-60,\"textComments\":\"\"}','{\"email\":\"R.hyam@rbge.org.uk\",\"display_name\":\"Rogerhyams\",\"sex\":\"male\",\"age\":\"41-50\",\"about_me\":\"Developer\"}',6,0,'2015-08-03 16:27:46','2015-08-03 16:27:46',NULL,NULL),(80,'2751e621-33f3-41ae-9975-27aabaada85a','{\"id\":\"2751e621-33f3-41ae-9975-27aabaada85a\",\"ten_breaths_completed\":true,\"complete\":false,\"groundings\":[{\"started\":1438619347672,\"finished\":1438619351616}],\"geolocation\":{\"display_string\":\"<strong>Position:</strong> 55.9666&deg; N 3.2052&deg; W (&plusmn; 10m)\",\"longitude\":-3.2051689,\"latitude\":55.9666494,\"accuracy\":10,\"altitude\":null,\"altitudeAccuracy\":null,\"heading\":null,\"timestamp\":1438619362412,\"manual\":\"\"},\"started\":1438619347672,\"photo\":\"file:///storage/emulated/0/Pictures/IMG_20150803_172923.jpg\",\"completed\":1438619368209,\"timezoneOffset\":-60,\"textComments\":\"\"}','{\"email\":\"R.hyam@rbge.org.uk\",\"display_name\":\"Rogerhyams\",\"sex\":\"male\",\"age\":\"41-50\",\"about_me\":\"Developer\"}',6,0,'2015-08-03 16:28:22','2015-08-03 16:28:22',NULL,NULL),(82,'82d0b65c-0d34-47c9-a319-a9c92b855c72','{\"id\":\"82d0b65c-0d34-47c9-a319-a9c92b855c72\",\"ten_breaths_completed\":true,\"complete\":false,\"groundings\":[{\"started\":1438634945897,\"finished\":1438634950276}],\"geolocation\":{\"display_string\":\"<strong>Position:</strong> 55.9358&deg; N 3.1941&deg; W (&plusmn; 13.987000465393066m)\",\"longitude\":-3.1940621,\"latitude\":55.9357888,\"accuracy\":13.987000465393,\"altitude\":null,\"altitudeAccuracy\":null,\"heading\":null,\"timestamp\":1438634966870,\"manual\":\"\"},\"started\":1438634945897,\"photo\":\"file:///storage/emulated/0/Pictures/IMG_20150803_214923.jpg\",\"completed\":1438634967323,\"timezoneOffset\":-60,\"textComments\":\"\"}','{\"email\":\"R.hyam@rbge.org.uk\",\"display_name\":\"Rogerhyams\",\"sex\":\"male\",\"age\":\"41-50\",\"about_me\":\"Developer\"}',6,0,'2015-08-03 20:48:20','2015-08-03 20:48:20',NULL,NULL),(84,'cf34215b-ff07-4e40-bc00-4434ff997a5e','{\"id\":\"cf34215b-ff07-4e40-bc00-4434ff997a5e\",\"ten_breaths_completed\":true,\"complete\":false,\"groundings\":[{\"started\":1438676434894,\"cancelled\":1438676442786},{\"started\":1438676448686,\"cancelled\":1438676456094},{\"started\":1438676458419,\"cancelled\":1438676465701},{\"started\":1438676468325,\"finished\":1438676472294}],\"geolocation\":{\"display_string\":\"<strong>Position:</strong> 55.9609&deg; N 3.1953&deg; W (&plusmn; 4m)\",\"longitude\":-3.1952672,\"latitude\":55.960938,\"accuracy\":4,\"altitude\":83,\"altitudeAccuracy\":null,\"heading\":null,\"timestamp\":1438676498025,\"manual\":\"\"},\"started\":1438676434895,\"photo\":\"file:///storage/emulated/0/Pictures/IMG_20150804_092134.jpg\",\"completed\":1438676498112,\"timezoneOffset\":-60,\"textComments\":\"Twstinf\"}','{\"email\":\"R.hyam@rbge.org.uk\",\"display_name\":\"Rogerhyams\",\"sex\":\"male\",\"age\":\"41-50\",\"about_me\":\"Developer\"}',6,0,'2015-08-04 08:58:50','2015-08-04 08:58:50',NULL,NULL),(86,'534669b9-c2b7-4518-a5a4-021b7e3bd5dc','{\"id\":\"534669b9-c2b7-4518-a5a4-021b7e3bd5dc\",\"ten_breaths_completed\":true,\"complete\":false,\"groundings\":[{\"started\":1438691453253,\"cancelled\":1438691461981},{\"started\":1438691468271,\"cancelled\":1438691476139},{\"started\":1438691478861,\"finished\":1438691482894}],\"geolocation\":{\"display_string\":\"<strong>Position:</strong> 55.9640&deg; N 3.2091&deg; W (&plusmn; 3.9000000953674316m)\",\"longitude\":-3.2091115,\"latitude\":55.9640331,\"accuracy\":3.9000000953674,\"altitude\":75,\"altitudeAccuracy\":null,\"heading\":null,\"timestamp\":1438691501016,\"manual\":\"\"},\"started\":1438691453253,\"photo\":\"file:///storage/emulated/0/Pictures/IMG_20150804_133135.jpg\",\"completed\":1438691501187,\"timezoneOffset\":-60,\"textComments\":\"\"}','{\"email\":\"R.hyam@rbge.org.uk\",\"display_name\":\"Rogerhyams\",\"sex\":\"male\",\"age\":\"41-50\",\"about_me\":\"Developer\"}',6,0,'2015-08-04 12:30:46','2015-08-04 12:30:46',NULL,NULL),(88,'baba99fe-c3e1-4975-b427-94f92a5d00b0','{\"id\":\"baba99fe-c3e1-4975-b427-94f92a5d00b0\",\"ten_breaths_completed\":true,\"complete\":false,\"groundings\":[{\"started\":1438861820756,\"finished\":1438861825758}],\"geolocation\":{\"display_string\":\"<strong>Position:</strong> 55.9648&deg; N 3.2050&deg; W (&plusmn; 3.9000000953674316m)\",\"longitude\":-3.2050076,\"latitude\":55.9648491,\"accuracy\":3.9000000953674,\"altitude\":76,\"altitudeAccuracy\":null,\"heading\":null,\"timestamp\":1438861840944,\"manual\":\"\"},\"started\":1438861820756,\"photo\":\"file:///storage/emulated/0/Pictures/IMG_20150806_125037.jpg\",\"completed\":1438861841119,\"timezoneOffset\":-60,\"textComments\":\"\"}','{\"email\":\"R.hyam@rbge.org.uk\",\"display_name\":\"Rogerhyams\",\"sex\":\"male\",\"age\":\"41-50\",\"about_me\":\"Developer\"}',6,0,'2015-08-06 11:49:30','2015-08-06 11:49:30',NULL,NULL),(94,'32a0881d-871a-401f-92e7-8bc27af2a4ce','{\"id\":\"32a0881d-871a-401f-92e7-8bc27af2a4ce\",\"ten_breaths_completed\":true,\"complete\":false,\"groundings\":[{\"started\":1438618741723,\"finished\":1438618745770}],\"geolocation\":{\"display_string\":\"<strong>Position:</strong> 55.9647&deg; N 3.2100&deg; W (&plusmn; 150m)\",\"longitude\":-3.210008,\"latitude\":55.964747,\"accuracy\":150,\"altitude\":null,\"altitudeAccuracy\":null,\"heading\":null,\"timestamp\":1438349377119,\"manual\":\"\"},\"started\":1438618741723,\"completed\":1438618748898,\"timezoneOffset\":-60,\"textComments\":\"\"}','{\"email\":\"roger@hyam.net\",\"display_name\":\"Banana Mansd\",\"sex\":\"female\",\"age\":\"16-20\",\"about_me\":\"Some other inforsdfmation\"}',7,0,'2015-08-06 14:39:56','2015-08-06 14:39:56',NULL,NULL),(96,'3382f612-b165-4e3d-bfb1-9abe7b43a65e','{\"id\":\"3382f612-b165-4e3d-bfb1-9abe7b43a65e\",\"ten_breaths_completed\":true,\"complete\":false,\"groundings\":[{\"started\":1438619261409,\"finished\":1438619264233}],\"geolocation\":{\"display_string\":\"<strong>Position:</strong> 55.9647&deg; N 3.2100&deg; W (&plusmn; 150m)\",\"longitude\":-3.210008,\"latitude\":55.964747,\"accuracy\":150,\"altitude\":null,\"altitudeAccuracy\":null,\"heading\":null,\"timestamp\":1438349377119,\"manual\":\"\"},\"started\":1438619261409,\"completed\":1438619270865,\"timezoneOffset\":-60,\"textComments\":\"\"}','{\"email\":\"roger@hyam.net\",\"display_name\":\"Banana Mansd\",\"sex\":\"female\",\"age\":\"16-20\",\"about_me\":\"Some other inforsdfmation\"}',7,0,'2015-08-06 14:39:57','2015-08-06 14:39:57',NULL,NULL),(98,'b19d8d20-2daa-4186-bd50-888f54197f93','{\"id\":\"b19d8d20-2daa-4186-bd50-888f54197f93\",\"ten_breaths_completed\":true,\"complete\":false,\"groundings\":[{\"started\":1438873294255,\"finished\":1438873297207}],\"geolocation\":{\"display_string\":\"<strong>Position:</strong> 55.9647&deg; N 3.2100&deg; W (&plusmn; 150m)\",\"longitude\":-3.210008,\"latitude\":55.964747,\"accuracy\":150,\"altitude\":null,\"altitudeAccuracy\":null,\"heading\":null,\"timestamp\":1438763996388,\"manual\":\"\"},\"started\":1438873294255,\"completed\":1438873305127,\"timezoneOffset\":-60,\"textComments\":\"\"}','{\"email\":\"roger@hyam.net\",\"display_name\":\"Banana Mansd\",\"sex\":\"female\",\"age\":\"16-20\",\"about_me\":\"Some other inforsdfmation\"}',7,0,'2015-08-06 15:00:55','2015-08-06 15:00:55',NULL,NULL),(100,'fb3a54ff-d8a2-4e3c-96b4-f5e8901295ce','{\"id\":\"fb3a54ff-d8a2-4e3c-96b4-f5e8901295ce\",\"ten_breaths_completed\":true,\"complete\":false,\"groundings\":[{\"started\":1438873432209,\"finished\":1438873433752,\"toofast\":true},{\"started\":1438873435712,\"finished\":1438873438688}],\"geolocation\":{\"display_string\":\"<strong>Position:</strong> 55.9647&deg; N 3.2100&deg; W (&plusmn; 150m)\",\"longitude\":-3.210008,\"latitude\":55.964747,\"accuracy\":150,\"altitude\":null,\"altitudeAccuracy\":null,\"heading\":null,\"timestamp\":1438763996388,\"manual\":\"\"},\"started\":1438873432209,\"completed\":1438873444008,\"timezoneOffset\":-60,\"textComments\":\"\"}','{\"email\":\"roger@hyam.net\",\"display_name\":\"Banana Mansd\",\"sex\":\"female\",\"age\":\"16-20\",\"about_me\":\"Some other inforsdfmation\"}',7,0,'2015-08-06 15:05:46','2015-08-06 15:05:46',NULL,NULL),(102,'21b29971-f8d4-4d9d-93eb-5bf0ebe48729','{\"id\":\"21b29971-f8d4-4d9d-93eb-5bf0ebe48729\",\"ten_breaths_completed\":true,\"complete\":false,\"groundings\":[{\"started\":1438873599881,\"finished\":1438873602801}],\"geolocation\":{\"display_string\":\"<strong>Position:</strong> 55.9647&deg; N 3.2100&deg; W (&plusmn; 150m)\",\"longitude\":-3.210008,\"latitude\":55.964747,\"accuracy\":150,\"altitude\":null,\"altitudeAccuracy\":null,\"heading\":null,\"timestamp\":1438763996388,\"manual\":\"\"},\"started\":1438873599881,\"completed\":1438873606856,\"timezoneOffset\":-60,\"textComments\":\"\"}','{\"email\":\"roger@hyam.net\",\"display_name\":\"Banana Mansd\",\"sex\":\"female\",\"age\":\"16-20\",\"about_me\":\"Some other inforsdfmation\"}',7,0,'2015-08-06 15:05:59','2015-08-06 15:05:59',NULL,NULL),(104,'c8264158-1eef-4339-b843-8cd1f6a54177','{\"id\":\"c8264158-1eef-4339-b843-8cd1f6a54177\",\"ten_breaths_completed\":true,\"complete\":false,\"groundings\":[{\"started\":1438874182423,\"finished\":1438874185661}],\"geolocation\":{\"display_string\":\"<strong>Position:</strong> 55.9647&deg; N 3.2100&deg; W (&plusmn; 150m)\",\"longitude\":-3.210008,\"latitude\":55.964747,\"accuracy\":150,\"altitude\":null,\"altitudeAccuracy\":null,\"heading\":null,\"timestamp\":1438763996388,\"manual\":\"\"},\"started\":1438874182423,\"completed\":1438874186966,\"timezoneOffset\":-60,\"textComments\":\"\"}','{\"email\":\"roger@hyam.net\",\"display_name\":\"Banana Mansd\",\"sex\":\"female\",\"age\":\"16-20\",\"about_me\":\"Some other inforsdfmation\"}',7,0,'2015-08-06 15:15:06','2015-08-06 15:15:06',NULL,NULL),(106,'0968f12c-a467-4425-9a73-5a62440cbf54','{\"id\":\"0968f12c-a467-4425-9a73-5a62440cbf54\",\"ten_breaths_completed\":true,\"complete\":false,\"groundings\":[{\"started\":1438874528223,\"finished\":1438874532301}],\"geolocation\":{\"display_string\":\"<strong>Position:</strong> 55.9647&deg; N 3.2100&deg; W (&plusmn; 150m)\",\"longitude\":-3.210008,\"latitude\":55.964747,\"accuracy\":150,\"altitude\":null,\"altitudeAccuracy\":null,\"heading\":null,\"timestamp\":1438763996388,\"manual\":\"\"},\"started\":1438874528223,\"completed\":1438874534710,\"timezoneOffset\":-60,\"textComments\":\"\"}','{\"email\":\"roger@hyam.net\",\"display_name\":\"Banana Mansd\",\"sex\":\"female\",\"age\":\"16-20\",\"about_me\":\"Some other inforsdfmation\"}',7,0,'2015-08-06 15:20:54','2015-08-06 15:20:54',NULL,NULL),(108,'35513462-97ef-4a97-8558-660cd2ae40a5','{\"id\":\"35513462-97ef-4a97-8558-660cd2ae40a5\",\"ten_breaths_completed\":true,\"complete\":false,\"groundings\":[{\"started\":1438874551558,\"finished\":1438874554932}],\"geolocation\":{\"display_string\":\"<strong>Position:</strong> 55.9647&deg; N 3.2100&deg; W (&plusmn; 150m)\",\"longitude\":-3.210008,\"latitude\":55.964747,\"accuracy\":150,\"altitude\":null,\"altitudeAccuracy\":null,\"heading\":null,\"timestamp\":1438763996388,\"manual\":\"\"},\"started\":1438874551558,\"completed\":1438874557173,\"timezoneOffset\":-60,\"textComments\":\"\"}','{\"email\":\"roger@hyam.net\",\"display_name\":\"Banana Mansd\",\"sex\":\"female\",\"age\":\"16-20\",\"about_me\":\"Some other inforsdfmation\"}',7,0,'2015-08-06 15:21:16','2015-08-06 15:21:16',NULL,NULL),(110,'1662df5d-1858-4645-a107-fd6f18bb157d','{\"id\":\"1662df5d-1858-4645-a107-fd6f18bb157d\",\"ten_breaths_completed\":true,\"complete\":false,\"groundings\":[{\"started\":1438874117106,\"finished\":1438874119753}],\"geolocation\":{\"display_string\":\"<strong>Position:</strong> 55.9647&deg; N 3.2100&deg; W (&plusmn; 150m)\",\"longitude\":-3.210008,\"latitude\":55.964747,\"accuracy\":150,\"altitude\":null,\"altitudeAccuracy\":null,\"heading\":null,\"timestamp\":1438763996388,\"manual\":\"\"},\"started\":1438874117106,\"completed\":1438874121593,\"timezoneOffset\":-60,\"textComments\":\"\"}','{\"email\":\"roger@hyam.net\",\"display_name\":\"Banana Mansd\",\"sex\":\"female\",\"age\":\"16-20\",\"about_me\":\"Some other inforsdfmation\"}',7,0,'2015-08-06 15:21:17','2015-08-06 15:21:17',NULL,NULL),(112,'677f80e1-f1a7-4da9-8a82-faa60932193a','{\"id\":\"677f80e1-f1a7-4da9-8a82-faa60932193a\",\"ten_breaths_completed\":true,\"complete\":false,\"groundings\":[{\"started\":1438874037270,\"finished\":1438874040420}],\"geolocation\":{\"display_string\":\"<strong>Position:</strong> 55.9647&deg; N 3.2100&deg; W (&plusmn; 150m)\",\"longitude\":-3.210008,\"latitude\":55.964747,\"accuracy\":150,\"altitude\":null,\"altitudeAccuracy\":null,\"heading\":null,\"timestamp\":1438763996388,\"manual\":\"\"},\"started\":1438874037270,\"completed\":1438874041700,\"timezoneOffset\":-60,\"textComments\":\"\"}','{\"email\":\"roger@hyam.net\",\"display_name\":\"Banana Mansd\",\"sex\":\"female\",\"age\":\"16-20\",\"about_me\":\"Some other inforsdfmation\"}',7,0,'2015-08-06 15:21:17','2015-08-06 15:21:17',NULL,NULL),(114,'632bac38-65e5-4b32-aa85-b159a854c4fb','{\"id\":\"632bac38-65e5-4b32-aa85-b159a854c4fb\",\"ten_breaths_completed\":true,\"complete\":false,\"groundings\":[{\"started\":1438874014183,\"finished\":1438874017918}],\"geolocation\":{\"display_string\":\"<strong>Position:</strong> 55.9647&deg; N 3.2100&deg; W (&plusmn; 150m)\",\"longitude\":-3.210008,\"latitude\":55.964747,\"accuracy\":150,\"altitude\":null,\"altitudeAccuracy\":null,\"heading\":null,\"timestamp\":1438763996388,\"manual\":\"\"},\"started\":1438874014183,\"completed\":1438874020725,\"timezoneOffset\":-60,\"textComments\":\"\"}','{\"email\":\"roger@hyam.net\",\"display_name\":\"Banana Mansd\",\"sex\":\"female\",\"age\":\"16-20\",\"about_me\":\"Some other inforsdfmation\"}',7,0,'2015-08-06 15:21:17','2015-08-06 15:21:17',NULL,NULL),(116,'c9334153-735d-4d2b-8547-60a0d71409f3','{\"id\":\"c9334153-735d-4d2b-8547-60a0d71409f3\",\"ten_breaths_completed\":true,\"complete\":false,\"groundings\":[{\"started\":1438875964916,\"finished\":1438876009619}],\"geolocation\":{\"display_string\":\"<strong>Position:</strong> 55.9647&deg; N 3.2100&deg; W (&plusmn; 150m)\",\"longitude\":-3.210008,\"latitude\":55.964747,\"accuracy\":150,\"altitude\":null,\"altitudeAccuracy\":null,\"heading\":null,\"timestamp\":1438763996388,\"manual\":\"\"},\"started\":1438875964916,\"completed\":1438876020414,\"timezoneOffset\":-60,\"textComments\":\"My special test\"}','{\"email\":\"roger@hyam.net\",\"display_name\":\"Banana Mansd\",\"sex\":\"female\",\"age\":\"16-20\",\"about_me\":\"Some other inforsdfmation\"}',7,0,'2015-08-06 15:45:40','2015-08-06 15:45:40',NULL,NULL),(118,'16bfb864-67bc-43b7-affb-bc05536b1807','{\"id\":\"16bfb864-67bc-43b7-affb-bc05536b1807\",\"ten_breaths_completed\":true,\"complete\":false,\"groundings\":[{\"started\":1438876275213,\"finished\":1438876278116}],\"geolocation\":{\"display_string\":\"<strong>Position:</strong> 55.9647&deg; N 3.2100&deg; W (&plusmn; 150m)\",\"longitude\":-3.210008,\"latitude\":55.964747,\"accuracy\":150,\"altitude\":null,\"altitudeAccuracy\":null,\"heading\":null,\"timestamp\":1438763996388,\"manual\":\"\"},\"started\":1438876275213,\"completed\":1438876280788,\"timezoneOffset\":-60,\"textComments\":\"\"}','{\"email\":\"roger@hyam.net\",\"display_name\":\"Banana Mansd\",\"sex\":\"female\",\"age\":\"16-20\",\"about_me\":\"Some other inforsdfmation\"}',7,0,'2015-08-06 15:50:00','2015-08-06 15:50:00',NULL,NULL),(120,'86ad99a9-b1be-4227-a312-629e81f8d60c','{\"id\":\"86ad99a9-b1be-4227-a312-629e81f8d60c\",\"ten_breaths_completed\":true,\"complete\":false,\"groundings\":[{\"started\":1438876482627,\"finished\":1438876487930}],\"geolocation\":{\"display_string\":\"<strong>Position:</strong> 55.9647&deg; N 3.2100&deg; W (&plusmn; 150m)\",\"longitude\":-3.210008,\"latitude\":55.964747,\"accuracy\":150,\"altitude\":null,\"altitudeAccuracy\":null,\"heading\":null,\"timestamp\":1438763996388,\"manual\":\"\"},\"started\":1438876482628,\"completed\":1438876490227,\"timezoneOffset\":-60,\"textComments\":\"\"}','{\"email\":\"roger@hyam.net\",\"display_name\":\"Banana Mansd\",\"sex\":\"female\",\"age\":\"16-20\",\"about_me\":\"Some other inforsdfmation\"}',7,0,'2015-08-06 15:53:29','2015-08-06 15:53:29',NULL,NULL),(122,'6a86f82d-f8d9-4c2b-8d42-b0726e33efc3','{\"id\":\"6a86f82d-f8d9-4c2b-8d42-b0726e33efc3\",\"ten_breaths_completed\":true,\"complete\":false,\"groundings\":[{\"started\":1438876506617,\"finished\":1438876510057}],\"geolocation\":{\"display_string\":\"<strong>Position:</strong> 55.9647&deg; N 3.2100&deg; W (&plusmn; 150m)\",\"longitude\":-3.210008,\"latitude\":55.964747,\"accuracy\":150,\"altitude\":null,\"altitudeAccuracy\":null,\"heading\":null,\"timestamp\":1438763996388,\"manual\":\"\"},\"started\":1438876506617,\"completed\":1438876511473,\"timezoneOffset\":-60,\"textComments\":\"\"}','{\"email\":\"roger@hyam.net\",\"display_name\":\"Banana Mansd\",\"sex\":\"female\",\"age\":\"16-20\",\"about_me\":\"Some other inforsdfmation\"}',7,0,'2015-08-06 15:53:51','2015-08-06 15:53:51',NULL,NULL),(124,'89f3005e-db7f-4255-87f5-71d3bda62293','{\"id\":\"89f3005e-db7f-4255-87f5-71d3bda62293\",\"ten_breaths_completed\":true,\"complete\":false,\"groundings\":[{\"started\":1438876769820,\"finished\":1438876824557}],\"geolocation\":{\"display_string\":\"<strong>Position:</strong> 55.9667&deg; N 3.2052&deg; W (&plusmn; 10m)\",\"longitude\":-3.2051812,\"latitude\":55.966707,\"accuracy\":10,\"altitude\":null,\"altitudeAccuracy\":null,\"heading\":null,\"timestamp\":1438876831072,\"manual\":\"\"},\"started\":1438876769821,\"completed\":1438876832258,\"timezoneOffset\":-60,\"textComments\":\"\"}','{\"email\":\"R.hyam@rbge.org.uk\",\"display_name\":\"Rogerhyams\",\"sex\":\"male\",\"age\":\"41-50\",\"about_me\":\"Developer\"}',6,0,'2015-08-06 15:59:11','2015-08-06 15:59:11',NULL,NULL),(126,'e690675b-81a0-4917-8d61-f92776b0561b','{\"id\":\"e690675b-81a0-4917-8d61-f92776b0561b\",\"ten_breaths_completed\":true,\"complete\":false,\"groundings\":[{\"started\":1439025086229,\"finished\":1439025148803}],\"geolocation\":{\"display_string\":\"<strong>Position:</strong> 55.9199&deg; N 3.2026&deg; W (&plusmn; 3.9000000953674316m)\",\"longitude\":-3.2025869,\"latitude\":55.9198513,\"accuracy\":3.9000000953674,\"altitude\":168,\"altitudeAccuracy\":null,\"heading\":48,\"timestamp\":1439025193077,\"manual\":\"\"},\"started\":1439025086229,\"photo\":\"file:///storage/emulated/0/Pictures/IMG_20150808_101308.jpg\",\"completed\":1439025193809,\"timezoneOffset\":-60,\"textComments\":\"Showing demetra\"}','{\"email\":\"R.hyam@rbge.org.uk\",\"display_name\":\"Rogerhyams\",\"sex\":\"male\",\"age\":\"41-50\",\"about_me\":\"Developer\"}',6,0,'2015-08-08 09:11:49','2015-08-08 09:11:49',NULL,NULL),(128,'7151886a-fcd3-427f-a6d5-1d6009a05579','{\"id\":\"7151886a-fcd3-427f-a6d5-1d6009a05579\",\"ten_breaths_completed\":true,\"complete\":false,\"groundings\":[{\"started\":1439026272035,\"finished\":1439026344625}],\"geolocation\":{\"display_string\":\"<strong>Position:</strong> 55.9199&deg; N 3.2000&deg; W (&plusmn; 4m)\",\"longitude\":-3.1999949,\"latitude\":55.9198786,\"accuracy\":4,\"altitude\":150,\"altitudeAccuracy\":null,\"heading\":null,\"timestamp\":1439026382019,\"manual\":\"\"},\"started\":1439026272035,\"photo\":\"file:///storage/emulated/0/Pictures/IMG_20150808_103259.jpg\",\"completed\":1439026382209,\"timezoneOffset\":-60,\"textComments\":\"Gurgling water dapples sun\"}','{\"email\":\"R.hyam@rbge.org.uk\",\"display_name\":\"Rogerhyams\",\"sex\":\"male\",\"age\":\"41-50\",\"about_me\":\"Developer\"}',6,0,'2015-08-08 09:31:36','2015-08-08 09:31:36',NULL,NULL),(130,'f2bb46db-b15d-4e4b-bb40-01ba524913e8','{\"id\":\"f2bb46db-b15d-4e4b-bb40-01ba524913e8\",\"ten_breaths_completed\":true,\"complete\":false,\"groundings\":[{\"started\":1439027145087,\"finished\":1439027202238}],\"geolocation\":{\"display_string\":\"<strong>Position:</strong> 55.9208&deg; N 3.1956&deg; W (&plusmn; 5m)\",\"longitude\":-3.1955891,\"latitude\":55.9208142,\"accuracy\":5,\"altitude\":137,\"altitudeAccuracy\":null,\"heading\":null,\"timestamp\":1439027245056,\"manual\":\"\"},\"started\":1439027145087,\"photo\":\"file:///storage/emulated/0/Pictures/IMG_20150808_104722.jpg\",\"completed\":1439027245357,\"timezoneOffset\":-60,\"textComments\":\"Trees upright elegant\"}','{\"email\":\"R.hyam@rbge.org.uk\",\"display_name\":\"Rogerhyams\",\"sex\":\"male\",\"age\":\"41-50\",\"about_me\":\"Developer\"}',6,0,'2015-08-08 09:46:00','2015-08-08 09:46:00',NULL,NULL),(132,'d82b6662-6c7b-40d7-b258-ab89941f3fc9','{\"id\":\"d82b6662-6c7b-40d7-b258-ab89941f3fc9\",\"ten_breaths_completed\":true,\"complete\":false,\"groundings\":[{\"started\":1439572518918,\"finished\":1439572544225,\"toofast\":true},{\"started\":1439572556907,\"finished\":1439572605771}],\"geolocation\":{\"display_string\":\"<strong>Position:</strong> 55.9358&deg; N 3.1940&deg; W (&plusmn; 10m)\",\"longitude\":-3.1940497,\"latitude\":55.9357504,\"accuracy\":10,\"altitude\":null,\"altitudeAccuracy\":null,\"heading\":null,\"timestamp\":1439572635602,\"manual\":\"\"},\"started\":1439572518919,\"completed\":1439572649369,\"timezoneOffset\":-60,\"textComments\":\"Tall trees dappled light\"}','{\"email\":\"R.hyam@rbge.org.uk\",\"display_name\":\"Rogerhyams\",\"sex\":\"male\",\"age\":\"41-50\",\"about_me\":\"Developer\"}',6,0,'2015-08-14 17:15:45','2015-08-14 17:15:45',NULL,NULL),(134,'dad03696-a8e8-455f-8ffc-eae72e91df58','{\"id\":\"dad03696-a8e8-455f-8ffc-eae72e91df58\",\"ten_breaths_completed\":true,\"complete\":false,\"groundings\":[{\"started\":1439487569031,\"finished\":1439487625597}],\"geolocation\":{\"display_string\":\"<strong>Position:</strong> 55.8543&deg; N 3.1586&deg; W (&plusmn; 3.9000000953674316m)\",\"longitude\":-3.1585663,\"latitude\":55.854288,\"accuracy\":3.9000000953674,\"altitude\":177,\"altitudeAccuracy\":null,\"heading\":null,\"timestamp\":1439487652584,\"manual\":\"\"},\"started\":1439487569031,\"photo\":\"file:///storage/emulated/0/Pictures/IMG_20150813_184049.jpg\",\"completed\":1439487652944,\"timezoneOffset\":-60,\"textComments\":\"Red bark\"}','{\"email\":\"R.hyam@rbge.org.uk\",\"display_name\":\"Rogerhyams\",\"sex\":\"male\",\"age\":\"41-50\",\"about_me\":\"Developer\"}',6,0,'2015-08-14 17:15:45','2015-08-14 17:15:45',NULL,NULL),(136,'df9b3d92-44c8-4b57-9584-d73acce072c9','{\"id\":\"df9b3d92-44c8-4b57-9584-d73acce072c9\",\"ten_breaths_completed\":true,\"complete\":false,\"groundings\":[{\"started\":1439647476007,\"cancelled\":1439647493717},{\"started\":1439647568959,\"finished\":1439647604971}],\"geolocation\":{\"display_string\":\"<strong>Position:</strong> 56.2377&deg; N 2.7751&deg; W (&plusmn; 3.9000000953674316m)\",\"longitude\":-2.7750636,\"latitude\":56.2376789,\"accuracy\":3.9000000953674,\"altitude\":118,\"altitudeAccuracy\":null,\"heading\":null,\"timestamp\":1439647593957,\"manual\":\"\"},\"started\":1439647476008,\"photo\":\"file:///storage/emulated/0/Pictures/IMG_20150815_150735.jpg\",\"completed\":1439647659592,\"timezoneOffset\":-60,\"textComments\":\"Restful ordered disorders\"}','{\"email\":\"R.hyam@rbge.org.uk\",\"display_name\":\"Rogerhyams\",\"sex\":\"male\",\"age\":\"41-50\",\"about_me\":\"Developer\"}',6,0,'2015-08-15 14:06:10','2015-08-15 14:06:10',NULL,NULL),(138,'416bc3e3-4534-4d44-a0ef-4d88ce637c50','{\"id\":\"416bc3e3-4534-4d44-a0ef-4d88ce637c50\",\"ten_breaths_completed\":true,\"complete\":false,\"groundings\":[{\"started\":1439814190144,\"finished\":1439814239836}],\"geolocation\":{\"display_string\":\"<strong>Position:</strong> 55.9641&deg; N 3.2090&deg; W (&plusmn; 3.9000000953674316m)\",\"longitude\":-3.2090309,\"latitude\":55.9640513,\"accuracy\":3.9000000953674,\"altitude\":75,\"altitudeAccuracy\":null,\"heading\":null,\"timestamp\":1439814273776,\"manual\":\"\"},\"started\":1439814190144,\"photo\":\"file:///storage/emulated/0/Pictures/IMG_20150817_132430.jpg\",\"completed\":1439814274417,\"timezoneOffset\":-60,\"textComments\":\"Negative space in leaves\"}','{\"email\":\"R.hyam@rbge.org.uk\",\"display_name\":\"Rogerhyams\",\"sex\":\"male\",\"age\":\"41-50\",\"about_me\":\"Developer\"}',6,0,'2015-08-17 12:22:50','2015-08-17 12:22:50',NULL,NULL),(140,'cae1a311-7092-4fdb-af45-c68c4cf2cb0d','{\"id\":\"cae1a311-7092-4fdb-af45-c68c4cf2cb0d\",\"ten_breaths_completed\":true,\"complete\":false,\"groundings\":[{\"started\":1441181552589,\"finished\":1441181606106}],\"geolocation\":{\"display_string\":\"<strong>Position:</strong> 55.9612&deg; N 3.1957&deg; W (&plusmn; 3.9000000953674316m)\",\"longitude\":-3.1957362,\"latitude\":55.9612442,\"accuracy\":3.9000000953674,\"altitude\":70,\"altitudeAccuracy\":null,\"heading\":null,\"timestamp\":1441181666749,\"manual\":\"\"},\"started\":1441181552590,\"photo\":\"file:///storage/emulated/0/Pictures/IMG_20150902_091422.jpg\",\"completed\":1441181667357,\"timezoneOffset\":-60,\"textComments\":\"Poppies, path\"}','{\"email\":\"R.hyam@rbge.org.uk\",\"display_name\":\"Rogerhyams\",\"sex\":\"male\",\"age\":\"41-50\",\"about_me\":\"Developer\"}',6,0,'2015-09-02 08:12:05','2015-09-02 08:12:05',NULL,NULL),(142,'560fd090-cee4-4eba-b426-c78519af7e40','{\"id\":\"560fd090-cee4-4eba-b426-c78519af7e40\",\"ten_breaths_completed\":true,\"complete\":false,\"groundings\":[{\"started\":1441209234352,\"finished\":1441209237352}],\"geolocation\":{\"display_string\":\"<strong>Position:</strong> 55.9665&deg; N 3.2055&deg; W (&plusmn; 12.708999633789062m)\",\"longitude\":-3.2055048,\"latitude\":55.9664944,\"accuracy\":12.708999633789,\"altitude\":null,\"altitudeAccuracy\":null,\"heading\":null,\"timestamp\":1441209268652,\"manual\":\"\"},\"started\":1441209234352,\"photo\":\"file:///storage/emulated/0/Pictures/IMG_20150902_165430.jpg\",\"completed\":1441209275165,\"timezoneOffset\":-60,\"textComments\":\"Lovely lixhens\"}','{\"email\":\"R.hyam@rbge.org.uk\",\"display_name\":\"Rogerhyams\",\"sex\":\"male\",\"age\":\"41-50\",\"about_me\":\"Developer\"}',6,0,'2015-09-02 15:52:10','2015-09-02 15:52:10',NULL,NULL);
/*!40000 ALTER TABLE `submissions` ENABLE KEYS */;
UNLOCK TABLES;

--
-- Table structure for table `users`
--

DROP TABLE IF EXISTS `users`;
/*!40101 SET @saved_cs_client     = @@character_set_client */;
/*!40101 SET character_set_client = utf8 */;
CREATE TABLE `users` (
  `id` int(16) NOT NULL AUTO_INCREMENT,
  `email` varchar(50) NOT NULL,
  `display_name` varchar(50) NOT NULL,
  `created` timestamp NULL DEFAULT NULL,
  `modified` timestamp NOT NULL DEFAULT CURRENT_TIMESTAMP ON UPDATE CURRENT_TIMESTAMP,
  PRIMARY KEY (`id`)
) ENGINE=InnoDB AUTO_INCREMENT=3 DEFAULT CHARSET=latin1;
/*!40101 SET character_set_client = @saved_cs_client */;

--
-- Dumping data for table `users`
--

LOCK TABLES `users` WRITE;
/*!40000 ALTER TABLE `users` DISABLE KEYS */;
INSERT INTO `users` VALUES (1,'Roger@hyam.net','Banana Mansd','2015-07-30 14:31:20','2015-07-31 13:37:59'),(2,'R.hyam@rbge.org.uk','Rogerhyams','2015-07-31 10:32:15','2015-07-31 11:29:18');
/*!40000 ALTER TABLE `users` ENABLE KEYS */;
UNLOCK TABLES;
/*!40103 SET TIME_ZONE=@OLD_TIME_ZONE */;

/*!40101 SET SQL_MODE=@OLD_SQL_MODE */;
/*!40014 SET FOREIGN_KEY_CHECKS=@OLD_FOREIGN_KEY_CHECKS */;
/*!40014 SET UNIQUE_CHECKS=@OLD_UNIQUE_CHECKS */;
/*!40101 SET CHARACTER_SET_CLIENT=@OLD_CHARACTER_SET_CLIENT */;
/*!40101 SET CHARACTER_SET_RESULTS=@OLD_CHARACTER_SET_RESULTS */;
/*!40101 SET COLLATION_CONNECTION=@OLD_COLLATION_CONNECTION */;
/*!40111 SET SQL_NOTES=@OLD_SQL_NOTES */;

-- Dump completed on 2015-09-06  8:34:02
